1;Pregunta 1;"Opcion A; Opción B; Opción C; Opción D"
2;Pregunta 2;"Opcion A; Opción B; Opción C; Opción D"
3;Pregunta 3;"Opcion A; Opción B; Opción C; Opción D"
4;Pregunta 4;"Opcion A; Opción B; Opción C; Opción D"
5;Pregunta 5;"Opcion A; Opción B; Opción C; Opción D"
6;Pregunta 6;"Opcion A; Opción B; Opción C; Opción D"
7;Pregunta 7;"Opcion A; Opción B; Opción C; Opción D"
8;Pregunta 8;"Opcion A; Opción B; Opción C; Opción D"
9;Pregunta 9;"Opcion A; Opción B; Opción C; Opción D"
10;Pregunta 10;"Opcion A; Opción B; Opción C; Opción D"
11;Pregunta 11;"Opcion A; Opción B; Opción C; Opción D"
12;Pregunta 12;"Opcion A; Opción B; Opción C; Opción D"
13;Pregunta 13;"Opcion A; Opción B; Opción C; Opción D"
14;Pregunta 14;"Opcion A; Opción B; Opción C; Opción D"
15;Pregunta 15;"Opcion A; Opción B; Opción C; Opción D"
16;Pregunta 16;"Opcion A; Opción B; Opción C; Opción D"
17;Pregunta 17;"Opcion A; Opción B; Opción C; Opción D"
18;Pregunta 18;"Opcion A; Opción B; Opción C; Opción D"
19;Pregunta 19;"Opcion A; Opción B; Opción C; Opción D"
20;Pregunta 20;"Opcion A; Opción B; Opción C; Opción D"
21;Pregunta 21;"Opcion A; Opción B; Opción C; Opción D"
22;Pregunta 22;"Opcion A; Opción B; Opción C; Opción D"
23;Pregunta 23;"Opcion A; Opción B; Opción C; Opción D"
24;Pregunta 24;"Opcion A; Opción B; Opción C; Opción D"
25;Pregunta 25;"Opcion A; Opción B; Opción C; Opción D"
26;Pregunta 26;"Opcion A; Opción B; Opción C; Opción D"
27;Pregunta 27;"Opcion A; Opción B; Opción C; Opción D"
28;Pregunta 28;"Opcion A; Opción B; Opción C; Opción D"
29;Pregunta 29;"Opcion A; Opción B; Opción C; Opción D"
30;Pregunta 30;"Opcion A; Opción B; Opción C; Opción D"
31;Pregunta 31;"Opcion A; Opción B; Opción C; Opción D"
32;Pregunta 32;"Opcion A; Opción B; Opción C; Opción D"
33;Pregunta 33;"Opcion A; Opción B; Opción C; Opción D"
34;Pregunta 34;"Opcion A; Opción B; Opción C; Opción D"
35;Pregunta 35;"Opcion A; Opción B; Opción C; Opción D"
36;Pregunta 36;"Opcion A; Opción B; Opción C; Opción D"
37;Pregunta 37;"Opcion A; Opción B; Opción C; Opción D"
38;Pregunta 38;"Opcion A; Opción B; Opción C; Opción D"
39;Pregunta 39;"Opcion A; Opción B; Opción C; Opción D"
40;Pregunta 40;"Opcion A; Opción B; Opción C; Opción D"
41;Pregunta 41;"Opcion A; Opción B; Opción C; Opción D"
42;Pregunta 42;"Opcion A; Opción B; Opción C; Opción D"
43;Pregunta 43;"Opcion A; Opción B; Opción C; Opción D"
44;Pregunta 44;"Opcion A; Opción B; Opción C; Opción D"
45;Pregunta 45;"Opcion A; Opción B; Opción C; Opción D"
46;Pregunta 46;"Opcion A; Opción B; Opción C; Opción D"
47;Pregunta 47;"Opcion A; Opción B; Opción C; Opción D"
48;Pregunta 48;"Opcion A; Opción B; Opción C; Opción D"
49;Pregunta 49;"Opcion A; Opción B; Opción C; Opción D"
50;Pregunta 50;"Opcion A; Opción B; Opción C; Opción D"
51;Pregunta 51;"Opcion A; Opción B; Opción C; Opción D"
52;Pregunta 52;"Opcion A; Opción B; Opción C; Opción D"
53;Pregunta 53;"Opcion A; Opción B; Opción C; Opción D"
54;Pregunta 54;"Opcion A; Opción B; Opción C; Opción D"
55;Pregunta 55;"Opcion A; Opción B; Opción C; Opción D"
56;Pregunta 56;"Opcion A; Opción B; Opción C; Opción D"
57;Pregunta 57;"Opcion A; Opción B; Opción C; Opción D"
58;Pregunta 58;"Opcion A; Opción B; Opción C; Opción D"
59;Pregunta 59;"Opcion A; Opción B; Opción C; Opción D"
60;Pregunta 60;"Opcion A; Opción B; Opción C; Opción D"
61;Pregunta 61;"Opcion A; Opción B; Opción C; Opción D"
62;Pregunta 62;"Opcion A; Opción B; Opción C; Opción D"
63;Pregunta 63;"Opcion A; Opción B; Opción C; Opción D"
64;Pregunta 64;"Opcion A; Opción B; Opción C; Opción D"
65;Pregunta 65;"Opcion A; Opción B; Opción C; Opción D"
66;Pregunta 66;"Opcion A; Opción B; Opción C; Opción D"
67;Pregunta 67;"Opcion A; Opción B; Opción C; Opción D"
68;Pregunta 68;"Opcion A; Opción B; Opción C; Opción D"
69;Pregunta 69;"Opcion A; Opción B; Opción C; Opción D"
70;Pregunta 70;"Opcion A; Opción B; Opción C; Opción D"
71;Pregunta 71;"Opcion A; Opción B; Opción C; Opción D"
72;Pregunta 72;"Opcion A; Opción B; Opción C; Opción D"
73;Pregunta 73;"Opcion A; Opción B; Opción C; Opción D"
74;Pregunta 74;"Opcion A; Opción B; Opción C; Opción D"
75;Pregunta 75;"Opcion A; Opción B; Opción C; Opción D"
76;Pregunta 76;"Opcion A; Opción B; Opción C; Opción D"
77;Pregunta 77;"Opcion A; Opción B; Opción C; Opción D"
78;Pregunta 78;"Opcion A; Opción B; Opción C; Opción D"
79;Pregunta 79;"Opcion A; Opción B; Opción C; Opción D"
80;Pregunta 80;"Opcion A; Opción B; Opción C; Opción D"
81;Pregunta 81;"Opcion A; Opción B; Opción C; Opción D"
82;Pregunta 82;"Opcion A; Opción B; Opción C; Opción D"
83;Pregunta 83;"Opcion A; Opción B; Opción C; Opción D"
84;Pregunta 84;"Opcion A; Opción B; Opción C; Opción D"
85;Pregunta 85;"Opcion A; Opción B; Opción C; Opción D"
86;Pregunta 86;"Opcion A; Opción B; Opción C; Opción D"
87;Pregunta 87;"Opcion A; Opción B; Opción C; Opción D"
88;Pregunta 88;"Opcion A; Opción B; Opción C; Opción D"
89;Pregunta 89;"Opcion A; Opción B; Opción C; Opción D"
90;Pregunta 90;"Opcion A; Opción B; Opción C; Opción D"
91;Pregunta 91;"Opcion A; Opción B; Opción C; Opción D"
92;Pregunta 92;"Opcion A; Opción B; Opción C; Opción D"
93;Pregunta 93;"Opcion A; Opción B; Opción C; Opción D"
94;Pregunta 94;"Opcion A; Opción B; Opción C; Opción D"
95;Pregunta 95;"Opcion A; Opción B; Opción C; Opción D"
96;Pregunta 96;"Opcion A; Opción B; Opción C; Opción D"
97;Pregunta 97;"Opcion A; Opción B; Opción C; Opción D"
98;Pregunta 98;"Opcion A; Opción B; Opción C; Opción D"
99;Pregunta 99;"Opcion A; Opción B; Opción C; Opción D"
100;Pregunta 100;"Opcion A; Opción B; Opción C; Opción D"
101;Pregunta 101;"Opcion A; Opción B; Opción C; Opción D"
102;Pregunta 102;"Opcion A; Opción B; Opción C; Opción D"
103;Pregunta 103;"Opcion A; Opción B; Opción C; Opción D"
104;Pregunta 104;"Opcion A; Opción B; Opción C; Opción D"
105;Pregunta 105;"Opcion A; Opción B; Opción C; Opción D"
106;Pregunta 106;"Opcion A; Opción B; Opción C; Opción D"
107;Pregunta 107;"Opcion A; Opción B; Opción C; Opción D"
108;Pregunta 108;"Opcion A; Opción B; Opción C; Opción D"
109;Pregunta 109;"Opcion A; Opción B; Opción C; Opción D"
110;Pregunta 110;"Opcion A; Opción B; Opción C; Opción D"
111;Pregunta 111;"Opcion A; Opción B; Opción C; Opción D"
112;Pregunta 112;"Opcion A; Opción B; Opción C; Opción D"
113;Pregunta 113;"Opcion A; Opción B; Opción C; Opción D"
114;Pregunta 114;"Opcion A; Opción B; Opción C; Opción D"
115;Pregunta 115;"Opcion A; Opción B; Opción C; Opción D"
116;Pregunta 116;"Opcion A; Opción B; Opción C; Opción D"
117;Pregunta 117;"Opcion A; Opción B; Opción C; Opción D"
118;Pregunta 118;"Opcion A; Opción B; Opción C; Opción D"
119;Pregunta 119;"Opcion A; Opción B; Opción C; Opción D"
120;Pregunta 120;"Opcion A; Opción B; Opción C; Opción D"
121;Pregunta 121;"Opcion A; Opción B; Opción C; Opción D"
122;Pregunta 122;"Opcion A; Opción B; Opción C; Opción D"
123;Pregunta 123;"Opcion A; Opción B; Opción C; Opción D"
124;Pregunta 124;"Opcion A; Opción B; Opción C; Opción D"
125;Pregunta 125;"Opcion A; Opción B; Opción C; Opción D"
126;Pregunta 126;"Opcion A; Opción B; Opción C; Opción D"
127;Pregunta 127;"Opcion A; Opción B; Opción C; Opción D"
128;Pregunta 128;"Opcion A; Opción B; Opción C; Opción D"
129;Pregunta 129;"Opcion A; Opción B; Opción C; Opción D"
130;Pregunta 130;"Opcion A; Opción B; Opción C; Opción D"
131;Pregunta 131;"Opcion A; Opción B; Opción C; Opción D"
132;Pregunta 132;"Opcion A; Opción B; Opción C; Opción D"
133;Pregunta 133;"Opcion A; Opción B; Opción C; Opción D"
134;Pregunta 134;"Opcion A; Opción B; Opción C; Opción D"
135;Pregunta 135;"Opcion A; Opción B; Opción C; Opción D"
136;Pregunta 136;"Opcion A; Opción B; Opción C; Opción D"
137;Pregunta 137;"Opcion A; Opción B; Opción C; Opción D"
138;Pregunta 138;"Opcion A; Opción B; Opción C; Opción D"
139;Pregunta 139;"Opcion A; Opción B; Opción C; Opción D"
140;Pregunta 140;"Opcion A; Opción B; Opción C; Opción D"
141;Pregunta 141;"Opcion A; Opción B; Opción C; Opción D"
142;Pregunta 142;"Opcion A; Opción B; Opción C; Opción D"
143;Pregunta 143;"Opcion A; Opción B; Opción C; Opción D"
144;Pregunta 144;"Opcion A; Opción B; Opción C; Opción D"
145;Pregunta 145;"Opcion A; Opción B; Opción C; Opción D"
146;Pregunta 146;"Opcion A; Opción B; Opción C; Opción D"
147;Pregunta 147;"Opcion A; Opción B; Opción C; Opción D"
148;Pregunta 148;"Opcion A; Opción B; Opción C; Opción D"
149;Pregunta 149;"Opcion A; Opción B; Opción C; Opción D"
150;Pregunta 150;"Opcion A; Opción B; Opción C; Opción D"
151;Pregunta 151;"Opcion A; Opción B; Opción C; Opción D"
152;Pregunta 152;"Opcion A; Opción B; Opción C; Opción D"
153;Pregunta 153;"Opcion A; Opción B; Opción C; Opción D"
154;Pregunta 154;"Opcion A; Opción B; Opción C; Opción D"
155;Pregunta 155;"Opcion A; Opción B; Opción C; Opción D"
156;Pregunta 156;"Opcion A; Opción B; Opción C; Opción D"
157;Pregunta 157;"Opcion A; Opción B; Opción C; Opción D"
158;Pregunta 158;"Opcion A; Opción B; Opción C; Opción D"
159;Pregunta 159;"Opcion A; Opción B; Opción C; Opción D"
160;Pregunta 160;"Opcion A; Opción B; Opción C; Opción D"
161;Pregunta 161;"Opcion A; Opción B; Opción C; Opción D"
162;Pregunta 162;"Opcion A; Opción B; Opción C; Opción D"
163;Pregunta 163;"Opcion A; Opción B; Opción C; Opción D"
164;Pregunta 164;"Opcion A; Opción B; Opción C; Opción D"
165;Pregunta 165;"Opcion A; Opción B; Opción C; Opción D"
166;Pregunta 166;"Opcion A; Opción B; Opción C; Opción D"
167;Pregunta 167;"Opcion A; Opción B; Opción C; Opción D"
168;Pregunta 168;"Opcion A; Opción B; Opción C; Opción D"
169;Pregunta 169;"Opcion A; Opción B; Opción C; Opción D"
170;Pregunta 170;"Opcion A; Opción B; Opción C; Opción D"
171;Pregunta 171;"Opcion A; Opción B; Opción C; Opción D"
172;Pregunta 172;"Opcion A; Opción B; Opción C; Opción D"
173;Pregunta 173;"Opcion A; Opción B; Opción C; Opción D"
174;Pregunta 174;"Opcion A; Opción B; Opción C; Opción D"
175;Pregunta 175;"Opcion A; Opción B; Opción C; Opción D"
176;Pregunta 176;"Opcion A; Opción B; Opción C; Opción D"
177;Pregunta 177;"Opcion A; Opción B; Opción C; Opción D"
178;Pregunta 178;"Opcion A; Opción B; Opción C; Opción D"
179;Pregunta 179;"Opcion A; Opción B; Opción C; Opción D"
180;Pregunta 180;"Opcion A; Opción B; Opción C; Opción D"
181;Pregunta 181;"Opcion A; Opción B; Opción C; Opción D"
182;Pregunta 182;"Opcion A; Opción B; Opción C; Opción D"
183;Pregunta 183;"Opcion A; Opción B; Opción C; Opción D"
184;Pregunta 184;"Opcion A; Opción B; Opción C; Opción D"
185;Pregunta 185;"Opcion A; Opción B; Opción C; Opción D"
186;Pregunta 186;"Opcion A; Opción B; Opción C; Opción D"
187;Pregunta 187;"Opcion A; Opción B; Opción C; Opción D"
188;Pregunta 188;"Opcion A; Opción B; Opción C; Opción D"
189;Pregunta 189;"Opcion A; Opción B; Opción C; Opción D"
190;Pregunta 190;"Opcion A; Opción B; Opción C; Opción D"
191;Pregunta 191;"Opcion A; Opción B; Opción C; Opción D"
192;Pregunta 192;"Opcion A; Opción B; Opción C; Opción D"
193;Pregunta 193;"Opcion A; Opción B; Opción C; Opción D"
194;Pregunta 194;"Opcion A; Opción B; Opción C; Opción D"
195;Pregunta 195;"Opcion A; Opción B; Opción C; Opción D"
196;Pregunta 196;"Opcion A; Opción B; Opción C; Opción D"
197;Pregunta 197;"Opcion A; Opción B; Opción C; Opción D"
198;Pregunta 198;"Opcion A; Opción B; Opción C; Opción D"
199;Pregunta 199;"Opcion A; Opción B; Opción C; Opción D"
200;Pregunta 200;"Opcion A; Opción B; Opción C; Opción D"
201;Pregunta 201;"Opcion A; Opción B; Opción C; Opción D"
202;Pregunta 202;"Opcion A; Opción B; Opción C; Opción D"
203;Pregunta 203;"Opcion A; Opción B; Opción C; Opción D"
204;Pregunta 204;"Opcion A; Opción B; Opción C; Opción D"
205;Pregunta 205;"Opcion A; Opción B; Opción C; Opción D"
206;Pregunta 206;"Opcion A; Opción B; Opción C; Opción D"
207;Pregunta 207;"Opcion A; Opción B; Opción C; Opción D"
208;Pregunta 208;"Opcion A; Opción B; Opción C; Opción D"
209;Pregunta 209;"Opcion A; Opción B; Opción C; Opción D"
210;Pregunta 210;"Opcion A; Opción B; Opción C; Opción D"
211;Pregunta 211;"Opcion A; Opción B; Opción C; Opción D"
212;Pregunta 212;"Opcion A; Opción B; Opción C; Opción D"
213;Pregunta 213;"Opcion A; Opción B; Opción C; Opción D"
214;Pregunta 214;"Opcion A; Opción B; Opción C; Opción D"
215;Pregunta 215;"Opcion A; Opción B; Opción C; Opción D"
216;Pregunta 216;"Opcion A; Opción B; Opción C; Opción D"
217;Pregunta 217;"Opcion A; Opción B; Opción C; Opción D"
218;Pregunta 218;"Opcion A; Opción B; Opción C; Opción D"
219;Pregunta 219;"Opcion A; Opción B; Opción C; Opción D"
220;Pregunta 220;"Opcion A; Opción B; Opción C; Opción D"
221;Pregunta 221;"Opcion A; Opción B; Opción C; Opción D"
222;Pregunta 222;"Opcion A; Opción B; Opción C; Opción D"
223;Pregunta 223;"Opcion A; Opción B; Opción C; Opción D"
224;Pregunta 224;"Opcion A; Opción B; Opción C; Opción D"
225;Pregunta 225;"Opcion A; Opción B; Opción C; Opción D"
226;Pregunta 226;"Opcion A; Opción B; Opción C; Opción D"
227;Pregunta 227;"Opcion A; Opción B; Opción C; Opción D"
228;Pregunta 228;"Opcion A; Opción B; Opción C; Opción D"
229;Pregunta 229;"Opcion A; Opción B; Opción C; Opción D"
230;Pregunta 230;"Opcion A; Opción B; Opción C; Opción D"
231;Pregunta 231;"Opcion A; Opción B; Opción C; Opción D"
232;Pregunta 232;"Opcion A; Opción B; Opción C; Opción D"
233;Pregunta 233;"Opcion A; Opción B; Opción C; Opción D"
234;Pregunta 234;"Opcion A; Opción B; Opción C; Opción D"
235;Pregunta 235;"Opcion A; Opción B; Opción C; Opción D"
236;Pregunta 236;"Opcion A; Opción B; Opción C; Opción D"
237;Pregunta 237;"Opcion A; Opción B; Opción C; Opción D"
238;Pregunta 238;"Opcion A; Opción B; Opción C; Opción D"
239;Pregunta 239;"Opcion A; Opción B; Opción C; Opción D"
240;Pregunta 240;"Opcion A; Opción B; Opción C; Opción D"
241;Pregunta 241;"Opcion A; Opción B; Opción C; Opción D"
242;Pregunta 242;"Opcion A; Opción B; Opción C; Opción D"
243;Pregunta 243;"Opcion A; Opción B; Opción C; Opción D"
244;Pregunta 244;"Opcion A; Opción B; Opción C; Opción D"
245;Pregunta 245;"Opcion A; Opción B; Opción C; Opción D"
246;Pregunta 246;"Opcion A; Opción B; Opción C; Opción D"
247;Pregunta 247;"Opcion A; Opción B; Opción C; Opción D"
248;Pregunta 248;"Opcion A; Opción B; Opción C; Opción D"
249;Pregunta 249;"Opcion A; Opción B; Opción C; Opción D"
250;Pregunta 250;"Opcion A; Opción B; Opción C; Opción D"
251;Pregunta 251;"Opcion A; Opción B; Opción C; Opción D"
252;Pregunta 252;"Opcion A; Opción B; Opción C; Opción D"
253;Pregunta 253;"Opcion A; Opción B; Opción C; Opción D"
254;Pregunta 254;"Opcion A; Opción B; Opción C; Opción D"
255;Pregunta 255;"Opcion A; Opción B; Opción C; Opción D"
256;Pregunta 256;"Opcion A; Opción B; Opción C; Opción D"
257;Pregunta 257;"Opcion A; Opción B; Opción C; Opción D"
258;Pregunta 258;"Opcion A; Opción B; Opción C; Opción D"
259;Pregunta 259;"Opcion A; Opción B; Opción C; Opción D"
260;Pregunta 260;"Opcion A; Opción B; Opción C; Opción D"
261;Pregunta 261;"Opcion A; Opción B; Opción C; Opción D"
262;Pregunta 262;"Opcion A; Opción B; Opción C; Opción D"
263;Pregunta 263;"Opcion A; Opción B; Opción C; Opción D"
264;Pregunta 264;"Opcion A; Opción B; Opción C; Opción D"
265;Pregunta 265;"Opcion A; Opción B; Opción C; Opción D"
266;Pregunta 266;"Opcion A; Opción B; Opción C; Opción D"
267;Pregunta 267;"Opcion A; Opción B; Opción C; Opción D"
268;Pregunta 268;"Opcion A; Opción B; Opción C; Opción D"
269;Pregunta 269;"Opcion A; Opción B; Opción C; Opción D"
270;Pregunta 270;"Opcion A; Opción B; Opción C; Opción D"
271;Pregunta 271;"Opcion A; Opción B; Opción C; Opción D"
272;Pregunta 272;"Opcion A; Opción B; Opción C; Opción D"
273;Pregunta 273;"Opcion A; Opción B; Opción C; Opción D"
274;Pregunta 274;"Opcion A; Opción B; Opción C; Opción D"
275;Pregunta 275;"Opcion A; Opción B; Opción C; Opción D"
276;Pregunta 276;"Opcion A; Opción B; Opción C; Opción D"
277;Pregunta 277;"Opcion A; Opción B; Opción C; Opción D"
278;Pregunta 278;"Opcion A; Opción B; Opción C; Opción D"
279;Pregunta 279;"Opcion A; Opción B; Opción C; Opción D"
280;Pregunta 280;"Opcion A; Opción B; Opción C; Opción D"
281;Pregunta 281;"Opcion A; Opción B; Opción C; Opción D"
282;Pregunta 282;"Opcion A; Opción B; Opción C; Opción D"
283;Pregunta 283;"Opcion A; Opción B; Opción C; Opción D"
284;Pregunta 284;"Opcion A; Opción B; Opción C; Opción D"
285;Pregunta 285;"Opcion A; Opción B; Opción C; Opción D"
286;Pregunta 286;"Opcion A; Opción B; Opción C; Opción D"
287;Pregunta 287;"Opcion A; Opción B; Opción C; Opción D"
288;Pregunta 288;"Opcion A; Opción B; Opción C; Opción D"
289;Pregunta 289;"Opcion A; Opción B; Opción C; Opción D"
290;Pregunta 290;"Opcion A; Opción B; Opción C; Opción D"
291;Pregunta 291;"Opcion A; Opción B; Opción C; Opción D"
292;Pregunta 292;"Opcion A; Opción B; Opción C; Opción D"
293;Pregunta 293;"Opcion A; Opción B; Opción C; Opción D"
294;Pregunta 294;"Opcion A; Opción B; Opción C; Opción D"
295;Pregunta 295;"Opcion A; Opción B; Opción C; Opción D"
296;Pregunta 296;"Opcion A; Opción B; Opción C; Opción D"
297;Pregunta 297;"Opcion A; Opción B; Opción C; Opción D"
298;Pregunta 298;"Opcion A; Opción B; Opción C; Opción D"
299;Pregunta 299;"Opcion A; Opción B; Opción C; Opción D"
300;Pregunta 300;"Opcion A; Opción B; Opción C; Opción D"
301;Pregunta 301;"Opcion A; Opción B; Opción C; Opción D"
302;Pregunta 302;"Opcion A; Opción B; Opción C; Opción D"
303;Pregunta 303;"Opcion A; Opción B; Opción C; Opción D"
304;Pregunta 304;"Opcion A; Opción B; Opción C; Opción D"
305;Pregunta 305;"Opcion A; Opción B; Opción C; Opción D"
306;Pregunta 306;"Opcion A; Opción B; Opción C; Opción D"
307;Pregunta 307;"Opcion A; Opción B; Opción C; Opción D"
308;Pregunta 308;"Opcion A; Opción B; Opción C; Opción D"
309;Pregunta 309;"Opcion A; Opción B; Opción C; Opción D"
310;Pregunta 310;"Opcion A; Opción B; Opción C; Opción D"
311;Pregunta 311;"Opcion A; Opción B; Opción C; Opción D"
312;Pregunta 312;"Opcion A; Opción B; Opción C; Opción D"
313;Pregunta 313;"Opcion A; Opción B; Opción C; Opción D"
314;Pregunta 314;"Opcion A; Opción B; Opción C; Opción D"
315;Pregunta 315;"Opcion A; Opción B; Opción C; Opción D"
316;Pregunta 316;"Opcion A; Opción B; Opción C; Opción D"
317;Pregunta 317;"Opcion A; Opción B; Opción C; Opción D"
318;Pregunta 318;"Opcion A; Opción B; Opción C; Opción D"
319;Pregunta 319;"Opcion A; Opción B; Opción C; Opción D"
320;Pregunta 320;"Opcion A; Opción B; Opción C; Opción D"
321;Pregunta 321;"Opcion A; Opción B; Opción C; Opción D"
322;Pregunta 322;"Opcion A; Opción B; Opción C; Opción D"
323;Pregunta 323;"Opcion A; Opción B; Opción C; Opción D"
324;Pregunta 324;"Opcion A; Opción B; Opción C; Opción D"
325;Pregunta 325;"Opcion A; Opción B; Opción C; Opción D"
326;Pregunta 326;"Opcion A; Opción B; Opción C; Opción D"
327;Pregunta 327;"Opcion A; Opción B; Opción C; Opción D"
328;Pregunta 328;"Opcion A; Opción B; Opción C; Opción D"
329;Pregunta 329;"Opcion A; Opción B; Opción C; Opción D"
330;Pregunta 330;"Opcion A; Opción B; Opción C; Opción D"
331;Pregunta 331;"Opcion A; Opción B; Opción C; Opción D"
332;Pregunta 332;"Opcion A; Opción B; Opción C; Opción D"
333;Pregunta 333;"Opcion A; Opción B; Opción C; Opción D"
334;Pregunta 334;"Opcion A; Opción B; Opción C; Opción D"
335;Pregunta 335;"Opcion A; Opción B; Opción C; Opción D"
336;Pregunta 336;"Opcion A; Opción B; Opción C; Opción D"
337;Pregunta 337;"Opcion A; Opción B; Opción C; Opción D"
338;Pregunta 338;"Opcion A; Opción B; Opción C; Opción D"
339;Pregunta 339;"Opcion A; Opción B; Opción C; Opción D"
340;Pregunta 340;"Opcion A; Opción B; Opción C; Opción D"
341;Pregunta 341;"Opcion A; Opción B; Opción C; Opción D"
342;Pregunta 342;"Opcion A; Opción B; Opción C; Opción D"
343;Pregunta 343;"Opcion A; Opción B; Opción C; Opción D"
344;Pregunta 344;"Opcion A; Opción B; Opción C; Opción D"
345;Pregunta 345;"Opcion A; Opción B; Opción C; Opción D"
346;Pregunta 346;"Opcion A; Opción B; Opción C; Opción D"
347;Pregunta 347;"Opcion A; Opción B; Opción C; Opción D"
348;Pregunta 348;"Opcion A; Opción B; Opción C; Opción D"
349;Pregunta 349;"Opcion A; Opción B; Opción C; Opción D"
350;Pregunta 350;"Opcion A; Opción B; Opción C; Opción D"
351;Pregunta 351;"Opcion A; Opción B; Opción C; Opción D"
352;Pregunta 352;"Opcion A; Opción B; Opción C; Opción D"
353;Pregunta 353;"Opcion A; Opción B; Opción C; Opción D"
354;Pregunta 354;"Opcion A; Opción B; Opción C; Opción D"
355;Pregunta 355;"Opcion A; Opción B; Opción C; Opción D"
356;Pregunta 356;"Opcion A; Opción B; Opción C; Opción D"
357;Pregunta 357;"Opcion A; Opción B; Opción C; Opción D"
358;Pregunta 358;"Opcion A; Opción B; Opción C; Opción D"
359;Pregunta 359;"Opcion A; Opción B; Opción C; Opción D"
360;Pregunta 360;"Opcion A; Opción B; Opción C; Opción D"
361;Pregunta 361;"Opcion A; Opción B; Opción C; Opción D"
362;Pregunta 362;"Opcion A; Opción B; Opción C; Opción D"
363;Pregunta 363;"Opcion A; Opción B; Opción C; Opción D"
364;Pregunta 364;"Opcion A; Opción B; Opción C; Opción D"
365;Pregunta 365;"Opcion A; Opción B; Opción C; Opción D"
366;Pregunta 366;"Opcion A; Opción B; Opción C; Opción D"
367;Pregunta 367;"Opcion A; Opción B; Opción C; Opción D"
368;Pregunta 368;"Opcion A; Opción B; Opción C; Opción D"
369;Pregunta 369;"Opcion A; Opción B; Opción C; Opción D"
370;Pregunta 370;"Opcion A; Opción B; Opción C; Opción D"
371;Pregunta 371;"Opcion A; Opción B; Opción C; Opción D"
372;Pregunta 372;"Opcion A; Opción B; Opción C; Opción D"
373;Pregunta 373;"Opcion A; Opción B; Opción C; Opción D"
374;Pregunta 374;"Opcion A; Opción B; Opción C; Opción D"
375;Pregunta 375;"Opcion A; Opción B; Opción C; Opción D"
376;Pregunta 376;"Opcion A; Opción B; Opción C; Opción D"
377;Pregunta 377;"Opcion A; Opción B; Opción C; Opción D"
378;Pregunta 378;"Opcion A; Opción B; Opción C; Opción D"
379;Pregunta 379;"Opcion A; Opción B; Opción C; Opción D"
380;Pregunta 380;"Opcion A; Opción B; Opción C; Opción D"
381;Pregunta 381;"Opcion A; Opción B; Opción C; Opción D"
382;Pregunta 382;"Opcion A; Opción B; Opción C; Opción D"
383;Pregunta 383;"Opcion A; Opción B; Opción C; Opción D"
384;Pregunta 384;"Opcion A; Opción B; Opción C; Opción D"
385;Pregunta 385;"Opcion A; Opción B; Opción C; Opción D"
386;Pregunta 386;"Opcion A; Opción B; Opción C; Opción D"
387;Pregunta 387;"Opcion A; Opción B; Opción C; Opción D"
388;Pregunta 388;"Opcion A; Opción B; Opción C; Opción D"
389;Pregunta 389;"Opcion A; Opción B; Opción C; Opción D"
390;Pregunta 390;"Opcion A; Opción B; Opción C; Opción D"
391;Pregunta 391;"Opcion A; Opción B; Opción C; Opción D"
392;Pregunta 392;"Opcion A; Opción B; Opción C; Opción D"
393;Pregunta 393;"Opcion A; Opción B; Opción C; Opción D"
394;Pregunta 394;"Opcion A; Opción B; Opción C; Opción D"
395;Pregunta 395;"Opcion A; Opción B; Opción C; Opción D"
396;Pregunta 396;"Opcion A; Opción B; Opción C; Opción D"
397;Pregunta 397;"Opcion A; Opción B; Opción C; Opción D"
398;Pregunta 398;"Opcion A; Opción B; Opción C; Opción D"
399;Pregunta 399;"Opcion A; Opción B; Opción C; Opción D"
400;Pregunta 400;"Opcion A; Opción B; Opción C; Opción D"
401;Pregunta 401;"Opcion A; Opción B; Opción C; Opción D"
402;Pregunta 402;"Opcion A; Opción B; Opción C; Opción D"
403;Pregunta 403;"Opcion A; Opción B; Opción C; Opción D"
404;Pregunta 404;"Opcion A; Opción B; Opción C; Opción D"
405;Pregunta 405;"Opcion A; Opción B; Opción C; Opción D"
406;Pregunta 406;"Opcion A; Opción B; Opción C; Opción D"
407;Pregunta 407;"Opcion A; Opción B; Opción C; Opción D"
408;Pregunta 408;"Opcion A; Opción B; Opción C; Opción D"
409;Pregunta 409;"Opcion A; Opción B; Opción C; Opción D"
410;Pregunta 410;"Opcion A; Opción B; Opción C; Opción D"
411;Pregunta 411;"Opcion A; Opción B; Opción C; Opción D"
412;Pregunta 412;"Opcion A; Opción B; Opción C; Opción D"
413;Pregunta 413;"Opcion A; Opción B; Opción C; Opción D"
414;Pregunta 414;"Opcion A; Opción B; Opción C; Opción D"
415;Pregunta 415;"Opcion A; Opción B; Opción C; Opción D"
416;Pregunta 416;"Opcion A; Opción B; Opción C; Opción D"
417;Pregunta 417;"Opcion A; Opción B; Opción C; Opción D"
418;Pregunta 418;"Opcion A; Opción B; Opción C; Opción D"
419;Pregunta 419;"Opcion A; Opción B; Opción C; Opción D"
420;Pregunta 420;"Opcion A; Opción B; Opción C; Opción D"
421;Pregunta 421;"Opcion A; Opción B; Opción C; Opción D"
422;Pregunta 422;"Opcion A; Opción B; Opción C; Opción D"
423;Pregunta 423;"Opcion A; Opción B; Opción C; Opción D"
424;Pregunta 424;"Opcion A; Opción B; Opción C; Opción D"
425;Pregunta 425;"Opcion A; Opción B; Opción C; Opción D"
426;Pregunta 426;"Opcion A; Opción B; Opción C; Opción D"
427;Pregunta 427;"Opcion A; Opción B; Opción C; Opción D"
428;Pregunta 428;"Opcion A; Opción B; Opción C; Opción D"
429;Pregunta 429;"Opcion A; Opción B; Opción C; Opción D"
430;Pregunta 430;"Opcion A; Opción B; Opción C; Opción D"
431;Pregunta 431;"Opcion A; Opción B; Opción C; Opción D"
432;Pregunta 432;"Opcion A; Opción B; Opción C; Opción D"
433;Pregunta 433;"Opcion A; Opción B; Opción C; Opción D"
434;Pregunta 434;"Opcion A; Opción B; Opción C; Opción D"
435;Pregunta 435;"Opcion A; Opción B; Opción C; Opción D"
436;Pregunta 436;"Opcion A; Opción B; Opción C; Opción D"
437;Pregunta 437;"Opcion A; Opción B; Opción C; Opción D"
438;Pregunta 438;"Opcion A; Opción B; Opción C; Opción D"
439;Pregunta 439;"Opcion A; Opción B; Opción C; Opción D"
440;Pregunta 440;"Opcion A; Opción B; Opción C; Opción D"
441;Pregunta 441;"Opcion A; Opción B; Opción C; Opción D"
442;Pregunta 442;"Opcion A; Opción B; Opción C; Opción D"
443;Pregunta 443;"Opcion A; Opción B; Opción C; Opción D"
444;Pregunta 444;"Opcion A; Opción B; Opción C; Opción D"
445;Pregunta 445;"Opcion A; Opción B; Opción C; Opción D"
446;Pregunta 446;"Opcion A; Opción B; Opción C; Opción D"
447;Pregunta 447;"Opcion A; Opción B; Opción C; Opción D"
448;Pregunta 448;"Opcion A; Opción B; Opción C; Opción D"
449;Pregunta 449;"Opcion A; Opción B; Opción C; Opción D"
450;Pregunta 450;"Opcion A; Opción B; Opción C; Opción D"
451;Pregunta 451;"Opcion A; Opción B; Opción C; Opción D"
452;Pregunta 452;"Opcion A; Opción B; Opción C; Opción D"
453;Pregunta 453;"Opcion A; Opción B; Opción C; Opción D"
454;Pregunta 454;"Opcion A; Opción B; Opción C; Opción D"
455;Pregunta 455;"Opcion A; Opción B; Opción C; Opción D"
456;Pregunta 456;"Opcion A; Opción B; Opción C; Opción D"
457;Pregunta 457;"Opcion A; Opción B; Opción C; Opción D"
458;Pregunta 458;"Opcion A; Opción B; Opción C; Opción D"
459;Pregunta 459;"Opcion A; Opción B; Opción C; Opción D"
460;Pregunta 460;"Opcion A; Opción B; Opción C; Opción D"
461;Pregunta 461;"Opcion A; Opción B; Opción C; Opción D"
462;Pregunta 462;"Opcion A; Opción B; Opción C; Opción D"
463;Pregunta 463;"Opcion A; Opción B; Opción C; Opción D"
464;Pregunta 464;"Opcion A; Opción B; Opción C; Opción D"
465;Pregunta 465;"Opcion A; Opción B; Opción C; Opción D"
466;Pregunta 466;"Opcion A; Opción B; Opción C; Opción D"
467;Pregunta 467;"Opcion A; Opción B; Opción C; Opción D"
468;Pregunta 468;"Opcion A; Opción B; Opción C; Opción D"
469;Pregunta 469;"Opcion A; Opción B; Opción C; Opción D"
470;Pregunta 470;"Opcion A; Opción B; Opción C; Opción D"
471;Pregunta 471;"Opcion A; Opción B; Opción C; Opción D"
472;Pregunta 472;"Opcion A; Opción B; Opción C; Opción D"
473;Pregunta 473;"Opcion A; Opción B; Opción C; Opción D"
474;Pregunta 474;"Opcion A; Opción B; Opción C; Opción D"
475;Pregunta 475;"Opcion A; Opción B; Opción C; Opción D"
476;Pregunta 476;"Opcion A; Opción B; Opción C; Opción D"
477;Pregunta 477;"Opcion A; Opción B; Opción C; Opción D"
478;Pregunta 478;"Opcion A; Opción B; Opción C; Opción D"
479;Pregunta 479;"Opcion A; Opción B; Opción C; Opción D"
480;Pregunta 480;"Opcion A; Opción B; Opción C; Opción D"
481;Pregunta 481;"Opcion A; Opción B; Opción C; Opción D"
482;Pregunta 482;"Opcion A; Opción B; Opción C; Opción D"
483;Pregunta 483;"Opcion A; Opción B; Opción C; Opción D"
484;Pregunta 484;"Opcion A; Opción B; Opción C; Opción D"
485;Pregunta 485;"Opcion A; Opción B; Opción C; Opción D"
486;Pregunta 486;"Opcion A; Opción B; Opción C; Opción D"
487;Pregunta 487;"Opcion A; Opción B; Opción C; Opción D"
488;Pregunta 488;"Opcion A; Opción B; Opción C; Opción D"
489;Pregunta 489;"Opcion A; Opción B; Opción C; Opción D"
490;Pregunta 490;"Opcion A; Opción B; Opción C; Opción D"
491;Pregunta 491;"Opcion A; Opción B; Opción C; Opción D"
492;Pregunta 492;"Opcion A; Opción B; Opción C; Opción D"
493;Pregunta 493;"Opcion A; Opción B; Opción C; Opción D"
494;Pregunta 494;"Opcion A; Opción B; Opción C; Opción D"
495;Pregunta 495;"Opcion A; Opción B; Opción C; Opción D"
496;Pregunta 496;"Opcion A; Opción B; Opción C; Opción D"
497;Pregunta 497;"Opcion A; Opción B; Opción C; Opción D"
498;Pregunta 498;"Opcion A; Opción B; Opción C; Opción D"
499;Pregunta 499;"Opcion A; Opción B; Opción C; Opción D"
500;Pregunta 500;"Opcion A; Opción B; Opción C; Opción D"
501;Pregunta 501;"Opcion A; Opción B; Opción C; Opción D"
502;Pregunta 502;"Opcion A; Opción B; Opción C; Opción D"
503;Pregunta 503;"Opcion A; Opción B; Opción C; Opción D"
504;Pregunta 504;"Opcion A; Opción B; Opción C; Opción D"
505;Pregunta 505;"Opcion A; Opción B; Opción C; Opción D"
506;Pregunta 506;"Opcion A; Opción B; Opción C; Opción D"
507;Pregunta 507;"Opcion A; Opción B; Opción C; Opción D"
508;Pregunta 508;"Opcion A; Opción B; Opción C; Opción D"
509;Pregunta 509;"Opcion A; Opción B; Opción C; Opción D"
510;Pregunta 510;"Opcion A; Opción B; Opción C; Opción D"
511;Pregunta 511;"Opcion A; Opción B; Opción C; Opción D"
512;Pregunta 512;"Opcion A; Opción B; Opción C; Opción D"
513;Pregunta 513;"Opcion A; Opción B; Opción C; Opción D"
514;Pregunta 514;"Opcion A; Opción B; Opción C; Opción D"
515;Pregunta 515;"Opcion A; Opción B; Opción C; Opción D"
516;Pregunta 516;"Opcion A; Opción B; Opción C; Opción D"
517;Pregunta 517;"Opcion A; Opción B; Opción C; Opción D"
518;Pregunta 518;"Opcion A; Opción B; Opción C; Opción D"
519;Pregunta 519;"Opcion A; Opción B; Opción C; Opción D"
520;Pregunta 520;"Opcion A; Opción B; Opción C; Opción D"
521;Pregunta 521;"Opcion A; Opción B; Opción C; Opción D"
522;Pregunta 522;"Opcion A; Opción B; Opción C; Opción D"
523;Pregunta 523;"Opcion A; Opción B; Opción C; Opción D"
524;Pregunta 524;"Opcion A; Opción B; Opción C; Opción D"
525;Pregunta 525;"Opcion A; Opción B; Opción C; Opción D"
526;Pregunta 526;"Opcion A; Opción B; Opción C; Opción D"
527;Pregunta 527;"Opcion A; Opción B; Opción C; Opción D"
528;Pregunta 528;"Opcion A; Opción B; Opción C; Opción D"
529;Pregunta 529;"Opcion A; Opción B; Opción C; Opción D"
530;Pregunta 530;"Opcion A; Opción B; Opción C; Opción D"
531;Pregunta 531;"Opcion A; Opción B; Opción C; Opción D"
532;Pregunta 532;"Opcion A; Opción B; Opción C; Opción D"
533;Pregunta 533;"Opcion A; Opción B; Opción C; Opción D"
534;Pregunta 534;"Opcion A; Opción B; Opción C; Opción D"
535;Pregunta 535;"Opcion A; Opción B; Opción C; Opción D"
536;Pregunta 536;"Opcion A; Opción B; Opción C; Opción D"
537;Pregunta 537;"Opcion A; Opción B; Opción C; Opción D"
538;Pregunta 538;"Opcion A; Opción B; Opción C; Opción D"
539;Pregunta 539;"Opcion A; Opción B; Opción C; Opción D"
540;Pregunta 540;"Opcion A; Opción B; Opción C; Opción D"
541;Pregunta 541;"Opcion A; Opción B; Opción C; Opción D"
542;Pregunta 542;"Opcion A; Opción B; Opción C; Opción D"
543;Pregunta 543;"Opcion A; Opción B; Opción C; Opción D"
544;Pregunta 544;"Opcion A; Opción B; Opción C; Opción D"
545;Pregunta 545;"Opcion A; Opción B; Opción C; Opción D"
546;Pregunta 546;"Opcion A; Opción B; Opción C; Opción D"
547;Pregunta 547;"Opcion A; Opción B; Opción C; Opción D"
548;Pregunta 548;"Opcion A; Opción B; Opción C; Opción D"
549;Pregunta 549;"Opcion A; Opción B; Opción C; Opción D"
550;Pregunta 550;"Opcion A; Opción B; Opción C; Opción D"
